1;Bogdan;Aldea;26;bdlp@gmail.com
2;Tzanca;Uraganu;31;tzanca.uraganu@gmail.com
3;Costi;Ionita;44;costi.ionita@gmail.com
4;Adrian;Minune;48;adrian.minune@gmail.com
5;Florin;Salam;43;florin.salam@gmail.com
6;Vali;Vijelie;52;vali.vijelie@gmail.com
7;Nicolae;Guta;54;nicolae.guta@gmail.com