1;Bogdan;Aldea;26;bdlp@gmail.com;false
2;Tzanca;Uraganu;31;tzanca.uraganu@gmail.com;false
3;Costi;Ionita;44;costi.ionita@gmail.com;false
4;Adrian;Minune;48;adrian.minune@gmail.com;false
5;Florin;Salam;43;florin.salam@gmail.com;false
6;Vali;Vijelie;52;vali.vijelie@gmail.com;false
7;Nicolae;Guta;54;nicolae.guta@gmail.com;false